<?xml version="1.0"?>
<!--
/**
 * @category   Sample
 * @package    Sample_Crud
 * @author     parassurya94@gmail.com
 * @copyright  This file was generated by using Module Creator(http://code.vky.co.in/magento-2-module-creator/) provided by VKY <viky.031290@gmail.com>
 * @license    http://opensource.org/licenses/osl-3.0.php  Open Software License (OSL 3.0)
 */
 -->
<config xmlns:xsi="http://www.w3.org/2001/XMLSchema-instance" xsi:noNamespaceSchemaLocation="urn:magento:framework:ObjectManager/etc/config.xsd">
	<virtualType name="SampleCrudGridFilterPool" type="Magento\Framework\View\Element\UiComponent\DataProvider\FilterPool">
		<arguments>
			<argument name="appliers" xsi:type="array">
				<item name="regular" xsi:type="object">Magento\Framework\View\Element\UiComponent\DataProvider\RegularFilter</item>
				<item name="fulltext" xsi:type="object">Magento\Framework\View\Element\UiComponent\DataProvider\FulltextFilter</item>
			</argument>
		</arguments>
	</virtualType>
	<virtualType name="SampleCrudGridDataProvider" type="Magento\Framework\View\Element\UiComponent\DataProvider\DataProvider">
		<arguments>
			<argument name="collection" xsi:type="object" shared="false">Sample\Crud\Model\ResourceModel\Crud\Collection</argument>
			<argument name="filterPool" xsi:type="object" shared="false">SampleCrudGridFilterPool</argument>
		</arguments>
	</virtualType>
	<virtualType name="Sample\Crud\Model\ResourceModel\Crud\Grid\Collection" type="Magento\Framework\View\Element\UiComponent\DataProvider\SearchResult">
		<arguments>
			<argument name="mainTable" xsi:type="string">sample_crud</argument>
			<argument name="resourceModel" xsi:type="string">Sample\Crud\Model\ResourceModel\Crud</argument>
		</arguments>
	</virtualType>
	<type name="Magento\Framework\View\Element\UiComponent\DataProvider\CollectionFactory">
		<arguments>
			<argument name="collections" xsi:type="array">
				<item name="sample_crud_index_listing_data_source" xsi:type="string">Sample\Crud\Model\ResourceModel\Crud\Grid\Collection</item>
			</argument>
		</arguments>
	</type>
</config>